query_language,search_corpus,n_queries,MRR,Recall@1,nDCG@5,CSRS
fra,track_a,740,0.560926029242442,0.46756756756756757,0.5512505914532073,
fra,track_ab,740,0.7799645817025008,0.6986486486486486,0.79246304739827,
fra,track_b,740,0.5505268954556038,0.46621621621621623,0.5366642535143092,
lin,track_a,395,0.8539459684510377,0.8075949367088607,0.8598957738456473,
lin,track_ab,395,0.7499437332178909,0.6658227848101266,0.7628054094464408,
lin,track_b,395,0.24888578627331226,0.1189873417721519,0.21917479529491884,
swa,track_a,385,0.2587699991496582,0.11688311688311688,0.23254147146359913,
swa,track_ab,385,0.7918994254849994,0.7116883116883117,0.8046736033202864,
swa,track_b,385,0.8649965367237892,0.8233766233766234,0.8687282029878819,
